cve,municipio,estado,robos,con_violencia,indice,nivel,periodo,escala
15,,México,1592,1212,2198.0,4,ene-ago 2026,estatal
21,,Puebla,762,721,1122.5,4,ene-ago 2026,estatal
16,,Michoacán de Ocampo,272,208,376.0,3,ene-ago 2026,estatal
24,,San Luis Potosí,194,78,233.0,3,ene-ago 2026,estatal
14,,Jalisco,61,58,90.0,3,ene-ago 2026,estatal
30,,Veracruz de Ignacio de la Llave,59,36,77.0,2,ene-ago 2026,estatal
20,,Oaxaca,56,50,81.0,2,ene-ago 2026,estatal
19,,Nuevo León,48,17,56.5,2,ene-ago 2026,estatal
27,,Tabasco,34,5,36.5,2,ene-ago 2026,estatal
29,,Tlaxcala,23,23,34.5,2,ene-ago 2026,estatal
17,,Morelos,21,16,29.0,2,ene-ago 2026,estatal
13,,Hidalgo,19,8,23.0,2,ene-ago 2026,estatal
09,,Ciudad de México,18,16,26.0,2,ene-ago 2026,estatal
02,,Baja California,16,9,20.5,1,ene-ago 2026,estatal
08,,Chihuahua,15,7,18.5,1,ene-ago 2026,estatal
06,,Colima,8,0,8.0,1,ene-ago 2026,estatal
11,,Guanajuato,7,5,9.5,1,ene-ago 2026,estatal
23,,Quintana Roo,6,3,7.5,1,ene-ago 2026,estatal
32,,Zacatecas,6,1,6.5,1,ene-ago 2026,estatal
05,,Coahuila de Zaragoza,4,0,4.0,1,ene-ago 2026,estatal
25,,Sinaloa,3,1,3.5,1,ene-ago 2026,estatal
26,,Sonora,3,1,3.5,1,ene-ago 2026,estatal
01,,Aguascalientes,2,2,3.0,1,ene-ago 2026,estatal
03,,Baja California Sur,2,1,2.5,1,ene-ago 2026,estatal
28,,Tamaulipas,2,1,2.5,1,ene-ago 2026,estatal
